LA Fitness,https://www.lafitness.com/pages/freepass.aspx
24 Hour Fitness,https://www.24hourfitness.com/membership/free-pass/#step/1
Retro Fitness,https://retrofitness.com/guestpass/
Anytime Fitness,https://www.anytimefitness.com/try-us-free/
Crunch,https://info.crunch.com/free-trial-spanish
Chalk Gyms, https://www.chalkgyms.com/join/#joinus
YMCA, https://www.ymcanyc.org/association/free-guest-pass
Mid City Gym & Tanning, http://midcitygym.com/membership/
Push Fitness,http://www.pushfitnessclub.com/
Any Time Fitness,https://www.anytimefitness.com/try-us-free/
New York Sports Clubs,https://www.newyorksportsclubs.com/try
Equinox,https://www.equinox.com/rewards/guest-pass-form/logged%20in
Talwakars,http://www.talwalkars.net/
CrossFit,http://crossfitblade.com/drop-in-crossfit-gym-day-passes/
Club One Fitness,https://clubone.fitness/3-day-free-trial/
Snap Fitness,https://www.snapfitness.com/us/sign-up/
Curves,http://www.curvesinformation.com/email/FWC/index.php?Referrer=BEL
Iron Tribe Fitness,https://www.irontribefitness.com/contact/
Urban Body Fitness,https://urbanbodyfitness.com/free-7-day-pass-atlanta/
Just Fitness 4U,http://www.justfitness4u.com/2-week-free-membership/
World Gym,https://www.worldgym.com/findagym
Live Fit Gym,https://livefitgym.com/signup/free-pass/
Houston Gym,http://www.houstongym.com/trial-pass/
Fit Athletic Club,https://fitathletic.com/day-pass/
Fitness Connection,http://fitnessconnection.com/5-day-free-pass/
City Fitness,http://go.cityfitnessphilly.com/trial
Fit Gym,https://livefitgym.com/signup/free-pass/
YouFit,https://www.youfit.com/free-pass
Optimal Sport Health Clubs,http://optimalsporthealthclubs.com/7-day-free-pass/
Gold's Gym,https://www.goldsgym.com/ilg/free-pass/
Bouelvard Fitness,http://www.blvdfitness.com/free-3-day-gym-pass/
TruSelf,http://truselfsportingclub.com/free-3-day-guest-pass/
EOS, https://eosfitness.com/free-7-day-pass-new/
USA Fitness,www.usafitness.la/guest-pass/
10 Fitness,https://10fitness.com/try-us-free/
Studio Fitness,https://www.thestudiolife.com/try-us-free
Club USA,https://clubusa.net/memberships/
Blink Fitness,https://www.blinkfitness.com/
Best Fitness,https://www.bestfitness.net/free-trial
Boston Sports Club,https://www.bostonsportsclubs.com/try
Chuze Fitness,https://chuzefitness.com/#chuze-app
Chucktown Fitness,https://chucktownfitness.com/free-10-day-gym-pass-chucktown-fitness/
Gainesville Health & Fitness,https://www.ghfc.com/free-all-access-pass.aspx
Busy Body,www.busybodyfitnesseastboca.com/free-pass/
Energy Fitness,http://energyfitnesspaducah.com/membership/
Washington Sports Club,https://www.washingtonsportsclubs.com/try
XSport,https://www.xsportfitness.com/
Genesis Health,https://www.genesishealthclubs.com/free-pass.html
American Family Fitness,https://amfamfit.com/membership/free-pass/
Vertical Hold,https://www.verticalhold.com/pricing/
North Park Fitness,https://www.asfint.com/newJoin/Default.aspx?c=9529
Fit Athletic Club,https://fitathletic.com/day-pass/
